id,username,created_at,lng,lat,text
1517190825952018432,peace77mk,Thu Apr 21 17:17:35 +0000 2022,130.5978335,31.7766485,【第34回マリンランド笠沙フェスタin片浦漁港】５月３日（火・祝）場所：南さつま市笠沙町片浦漁港笠沙太鼓，漁船クルージング，イカダ釣りなどのイベント等開催南さつま市笠沙支所市民課フェスタ実行委員会事務局電話：0993-… https://t.co/89yT5nwybT
1517190830112395264,______55_______,Thu Apr 21 17:17:36 +0000 2022,137.3108565,35.1408605,【急募】05-01 (日)HKT48 LIVE TOUR 2022 ～Under the Spotlight～ 愛知公演愛知県芸術劇場 大ホール上記のチケットを【探して】おります求)チケット(1連、座席不問… https://t.co/l6oPfqypmO
1517190831676870662,LightningSoulJa,Thu Apr 21 17:17:36 +0000 2022,137.054494,35.096728,懐かしさしか感じないwww
1517190833786605575,tifacho_2020,Thu Apr 21 17:17:37 +0000 2022,140.01256899999998,35.8587675,@yamambo_6nys (」ﾟ∀ﾟ)」ﾎｼｲｨｨｨｨｨｨｨｨｨ!!です🎶
1517190838576500752,6LHWNskNZ6BqQ74,Thu Apr 21 17:17:38 +0000 2022,135.547694,34.647056,https://t.co/TgEUVk0tKB
1517190855974879232,nishino_miyuki,Thu Apr 21 17:17:42 +0000 2022,139.561281,35.679776000000004,@PuW8ryOCmkf7gu7 奇麗ね
1517190863700381696,______55_______,Thu Apr 21 17:17:44 +0000 2022,137.3108565,35.1408605,【急募】05-03 (火)Mr.Children 30th Anniversary Tour 半世紀へのエントランス 1日目愛知公演ナゴヤドーム上記のチケットを【探して】おります求)チケット(1連、座席… https://t.co/ama8aYIFPC
1517190873645481985,Gomez0728,Thu Apr 21 17:17:46 +0000 2022,140.939941,41.859722,@yukiRin062 @UDN_Tuyu @moyashi2098 4/24函館のサバゲパーティーだよ！
1517190890967957504,sakura_hikariex,Thu Apr 21 17:17:51 +0000 2022,139.427834,35.733952,2:10やっと仕事終わりました。今週は日中ここで毎日8時間みっちり研修を受けているので、研修期間中は仕事しなくて済むように予め調整してきたのですが、事業復活支援金等締切が近い制度の仕事が続々と…資金繰りが心配で寝れない事業… https://t.co/KuBWDvnSbs
1517190898723041281,RuryNft,Thu Apr 21 17:17:52 +0000 2022,139.736009,35.656091,出会いに感謝🛸🛸🛸🛸🛸🛸🛸🛸🛸🛸🦁💜🖤⋆͛*͛🈲💕🥦🥦🦁ありがとうフライングダイナソー #TikTok #配信 #たのしい 場所: Tokyo Japan https://t.co/2SSY9WiT6M
1517190895845920768,takatomo1975,Thu Apr 21 17:17:52 +0000 2022,136.878795,35.091884,#なんの脈絡もない画像を貼って寝る水族館のマングローブ https://t.co/RpZGN56xC8
1517190904452648960,izakoza77,Thu Apr 21 17:17:54 +0000 2022,135.474644,34.777811,@yunyan__forever ゆにあんお疲れ様、昨日は雨やったね。まぁ今夜もよい金曜日の深夜のひと時をね👍
1517190916468920327,______55_______,Thu Apr 21 17:17:57 +0000 2022,137.3108565,35.1408605,【急募】05-04(水)＝LOVE全国ツアー2022「どう考えても、君ってイコラブのこと好きじゃん」昼夜愛知公演名古屋国際会議場 センチュリーホール上記のチケットを【探して】おります求)チケット(1連、… https://t.co/SwvIluQJcY
1517190927168970752,inoue_4,Thu Apr 21 17:17:59 +0000 2022,139.6345155,35.636514,@l46Qz2QP7clq7lP おお…！ありがとうございます。ツイート拝見させていただく限り、同じ世代の文化を通ってきております。
1517190943052419084,GAcvcnMQEa8HtP5,Thu Apr 21 17:18:03 +0000 2022,135.6180375,34.668202,"私が欲しい  桜ひらく季節を楽しむ一品は…  ／  LINEポイント500pt  ＼    対象の #綾鷹桜デザインボトル 購入で  総計20,000名様にその場で当たる！    賞品は全６種  くわしくはこち… https://t.co/Ro4c6fYZcD"
1517190953614082049,TAKE_SHO__,Thu Apr 21 17:18:06 +0000 2022,140.785658,37.0878855,でもワークス乗ってからビタ付けされるの本当に多くなった
1517190955291398149,______55_______,Thu Apr 21 17:18:06 +0000 2022,137.3108565,35.1408605,【急募】05-04 (水)福山芳樹 ニューアルバム発売記念ツアー2022名古屋　愛知公演名古屋SPADE BOX上記のチケットを【探して】おります求)チケット(1連、座席不問)譲)2kスマチケ分配対… https://t.co/pXta7L9c86
1517190956168396801,sTtVePARcBTZutF,Thu Apr 21 17:18:06 +0000 2022,138.24151899999998,36.3859015,やはり、こうなりましたか。残念です。「飯田お練りまつり」出演の団体 ３３人が新型コロナ陽性https://t.co/qXzBhSO97l
1517190963462127616,hamausa_center,Thu Apr 21 17:18:08 +0000 2022,138.57524385,37.36744699,"I'm at 日吉町交差点 in 柏崎市, 新潟県 https://t.co/AJqI2PYCL4"
1517190963957239813,T7meQnpZHKwgwNI,Thu Apr 21 17:18:08 +0000 2022,137.779539,34.7439425,@InTheAir2022 見たいなぁ！笑
1517190991442477056,m19731206,Thu Apr 21 17:18:15 +0000 2022,136.4922045,36.2948465,@MaiU_official がんばってください！！！！
1517191000984145925,nm7yama,Thu Apr 21 17:18:17 +0000 2022,139.940606,35.798100000000005,雨がなかなかの勢いだな🤔🏠🌧
1517191001269358592,______55_______,Thu Apr 21 17:18:17 +0000 2022,137.3108565,35.1408605,【急募】05-06 (金)JAPAN CENTRAL IDOL FESTIVAL 2022 at Aichi Sky Expo 1日目名古屋　愛知公演愛知県国際展示場上記のチケットを【探して】おります求… https://t.co/frU9sWmi15
1517191006269341696,nUv8R9Sb6t7ao68,Thu Apr 21 17:18:18 +0000 2022,136.5414075,36.470307500000004,@YOSHIRJNK わからなかった❗笑
1517191034190450699,NgihkteJHpHyuSO,Thu Apr 21 17:18:25 +0000 2022,137.06816,34.9495995,また烏が鳴き始めた。仲間が死んだのか？夜中に鳴くなんて普通ないでしょ？
1517191041736396800,Tom353743011,Thu Apr 21 17:18:27 +0000 2022,143.20801749999998,43.046065999999996,もう夜サウナ入ったから、明日の朝観月苑のサイコーなサウナを朝5時に起きて入らなくていいから、ゆっくり起きよ
1517191050032709632,AzetukAu8yzkagi,Thu Apr 21 17:18:29 +0000 2022,139.69262600000002,35.666851,@QTPAKS7 おやすみなさい💤🎠💤
1517191073730535424,leafsmog,Thu Apr 21 17:18:34 +0000 2022,138.25992150000002,35.297817,リスク回避の為なら打たないのも選択肢の一つかとー
1517191103916965888,MissilePokego,Thu Apr 21 17:18:41 +0000 2022,138.88590549999998,36.340892499999995,@xRENZAURx れんざうるすアルパイン現象
1517191104021790720,jasyugan,Thu Apr 21 17:18:41 +0000 2022,139.75636450000002,35.686884500000005,タルラ強襲キツかった……　スルトで素早く倒しちゃうとナイチンゲールのスキル間に合わないしかといってチマチマやってると被害がデカくなるし……　もうやりたくない！　#アークナイツ
1517191133256101888,DevchanRamen,Thu Apr 21 17:18:48 +0000 2022,139.7091805,35.701657,@yami99ra @colopl_153315 いぇあ
1517191133641977856,lotusid,Thu Apr 21 17:18:48 +0000 2022,126.9555425,37.466789,"평생 계획 세운 적 없는 인간이 약간의 계획 같은 걸 하다가, 다 보류시키고 늦춰지고 하는 중이다. 역시 초단기 말고는, 계획을 세우면 안 되는 인간인가. 언제나처럼 흐르는 대로 떠내려 가며 즐기는 게 낫나… https://t.co/3bUGWWsEYx"
1517191149077016578,tonklable,Thu Apr 21 17:18:52 +0000 2022,139.689695,35.632374,Wordle 307 2/6🟩⬛🟨⬛⬛🟩🟩🟩🟩🟩Wow
1517191159658860553,amatatsuya,Thu Apr 21 17:18:55 +0000 2022,136.9064285,35.124408,中途半端に寝てしまって、目が冴えておる(^^)
1517191166743040005,caseofxxxxx,Thu Apr 21 17:18:56 +0000 2022,137.8409265,36.1945085,おはようございます☔本日の目覚まし⏰曲🎵KUWATA BAND / MERRY X'MAS IN SUMMER今日は早朝に山での仕事、徳沢まで行って来ます。これから出勤。昨夜、たった10セットの筋トレ(プランク)で腹筋周りが引き締まってる😆
1517191170077638656,chihorin_,Thu Apr 21 17:18:57 +0000 2022,138.16027778,36.90611111,関温泉スキー場に写真を投稿しましたhttps://t.co/6QmIBfdGwF
1517191173550788608,mmirhashire,Thu Apr 21 17:18:58 +0000 2022,139.8539435,35.75395949999999,@RTakanohu 頑張れーっ!!!!!!😚🍃🌸🐝🌸🍃
1517191198498496512,Tsumlin26,Thu Apr 21 17:19:04 +0000 2022,139.6565525,35.4267515,シュウマイを装った肉爆弾🍖💣
1517191209118482432,eTgBMtN4iFqOOLQ,Thu Apr 21 17:19:06 +0000 2022,139.75636450000002,35.686884500000005,4/21夕飯 https://t.co/88jKUeFEbE
1517191213211734023,masanyanco,Thu Apr 21 17:19:07 +0000 2022,143.98348,43.395228,@evolution56789 チーズ工房とかありましたよね確か🤔
1517191221600743424,arai_yusaku,Thu Apr 21 17:19:09 +0000 2022,139.7091805,35.701657,@usk_watanabe お！割といい言葉www
1517191226096635904,piroya_dayo,Thu Apr 21 17:19:11 +0000 2022,138.38687099999999,34.951248,しきじで4セットしてそのまましきじの二階で寝るの最高
1517191230832394240,TC1tb,Thu Apr 21 17:19:12 +0000 2022,139.3070305,35.3576795,山田太郎のまちがえ
1517191235462516747,SomeDen_JOTX,Thu Apr 21 17:19:13 +0000 2022,132.99973649999998,34.1008715,iPadAir、イヤホンで使う分には別にいいんだけどスピーカの配置がなあ、、と言う感じ
1517191240147554306,ao4820070,Thu Apr 21 17:19:14 +0000 2022,140.354965,38.247776,@delty1126 あざっす
1517191263229198336,yunsanghun15,Thu Apr 21 17:19:19 +0000 2022,128.478723,36.002981500000004,어쭈~!대선이겼어?졌어? 막해보자는거네? 막해보자는거지요~! 개검들 디질래?사명감으로?
1517191275107459072,peace77mk,Thu Apr 21 17:19:22 +0000 2022,130.5978335,31.7766485,@kasasa_mirai 【第34回マリンランド笠沙フェスタin片浦漁港】５月３日（火・祝）場所：南さつま市笠沙町片浦漁港笠沙太鼓，漁船クルージング，イカダ釣りなどのイベント等開催南さつま市笠沙支所市民課フェスタ実行委… https://t.co/CvBP5jf9KB
1517191276684541953,wagashibuyer,Thu Apr 21 17:19:23 +0000 2022,139.71509400000002,35.7291085,@MAY86729891 正午くらいかと存じますが…
1517191281876684807,SomeDen_JOTX,Thu Apr 21 17:19:24 +0000 2022,132.99973649999998,34.1008715,Air5はしらん、
1517191282325856256,stigma_iuris,Thu Apr 21 17:19:24 +0000 2022,127.046051,37.555863,『神のみこころに添うた悲しみは、悔いのない救を得させる悔改めに導き、この世の悲しみは死をきたらせる。』コリント人への第二手紙7:10今がもっとずっとあのことで悩んでいた時よりもっと祈るべき時期だということを忘れずに😢 https://t.co/2Mf4SmHJwz
1517191282908864512,jtothecurcas,Thu Apr 21 17:19:24 +0000 2022,135.71368999999999,34.713867,@Rxtepen 💯💯 https://t.co/9U15TtD13g
1517191298771349507,NgihkteJHpHyuSO,Thu Apr 21 17:19:28 +0000 2022,137.06816,34.9495995,この子素人じゃないんだね。
1517191301326057472,WORLD_groupgold,Thu Apr 21 17:19:28 +0000 2022,139.7091805,35.701657,🌏club WORLD🌏@WORLD_groupgold4/21 #ラストソング 🎤🎶✨天海千里総支配人✨@senri_amami🔥怒涛の3DAYS🔥EVENT最終日‼️主役が全日程ラスソンフルコンプ💥総支配人… https://t.co/Q4Q4wnocoy
1517191303075078144,izakoza77,Thu Apr 21 17:19:29 +0000 2022,135.474644,34.777811,@kikumasa5022 マサさんお疲れ様です。お洒落ですね。まぁ今夜もよい金曜日の深夜のひと時を👍
1517191312843632641,wRFmyYFm8p41HXz,Thu Apr 21 17:19:31 +0000 2022,137.7388585,34.6829465,👍🤣🤣🤣
1517191319885475842,SomeDen_JOTX,Thu Apr 21 17:19:33 +0000 2022,132.99973649999998,34.1008715,ねます
1517191332640354310,kazu506916,Thu Apr 21 17:19:36 +0000 2022,138.838486,35.079140499999994,@Yu_ka_oshima 1日でも早くまた会える日がいいな。おやすみなさい。
1517191351309201408,WaHKT48,Thu Apr 21 17:19:40 +0000 2022,138.4508655,34.78812,@otta_hips 🤫 https://t.co/v2qvkT3cZY
1517191360482144261,aoiringgo,Thu Apr 21 17:19:43 +0000 2022,129.0899705,35.1749295,대선 이후 맘편히 잔 날이 없다 ㅠㅠ아직 후유증극복을 못한 것 같다.  그 5년 시작도 아직도 안 했는데 ㅠㅠ 지치면 안돼!!🥹
1517191387904503808,OElwLDyW1tHGhvq,Thu Apr 21 17:19:49 +0000 2022,139.876108,35.691683,@kurogamenn 医者の方が給料いいけど、稼げるようになるの遅いし、勤務時間めちゃくちゃ長いよ。生涯時給考えたら大したことない。
1517191402073227264,tonklable,Thu Apr 21 17:19:52 +0000 2022,139.689695,35.632374,กุ aggressive เกินไปมั้งอห555555
1517191409866264577,Eh8Q9z1WeybihSi,Thu Apr 21 17:19:54 +0000 2022,139.7299435,35.765190000000004,4月22日01時36分頃富山県西部で推定最大震度3の地震が発生しました https://t.co/oDjjyXQPvJ #NewsDigest
1517191411925667840,TKdakuryu,Thu Apr 21 17:19:55 +0000 2022,139.797218,35.778088999999994,1日1回の運試し！開運コーク！綾瀬はるかさんオリジナルQUOカードやLINEポイントが当たる！https://t.co/KmPaJjshSD
1517191435979993088,kou_toksen,Thu Apr 21 17:20:01 +0000 2022,130.555749,31.522809,その飼い主に天罰が当たりますように🙏
1517191464358641664,1SbqcZdUt51Ea5Y,Thu Apr 21 17:20:07 +0000 2022,138.37607050000003,36.360107,#昔のゲーム#マクロス昔やってたゲームわかる人いるかなぁ～https://t.co/ZH6TuV49bz
1517191465482350592,YujiMarutani,Thu Apr 21 17:20:08 +0000 2022,139.6792325,35.49304,LIVE: SpaceX Falcon 9 Launches Starlink 4-14 Mission https://t.co/G8vPo0KynQ via @YouTube
1517191474076479499,momokomotion,Thu Apr 21 17:20:10 +0000 2022,139.689695,35.632374,@suzukimikikosun GPSの基地局アンテナってひとつじゃなくて色んなとこに大型や小型のが立ってるんだけど場所によっては(田舎とか)少ないというか範囲が足りてないところもあるみたいですね。ちなみにキャリアはどれですか.… https://t.co/HUsECcuXv7
1517191480859041793,RIIRI1122,Thu Apr 21 17:20:11 +0000 2022,137.2619155,34.951125000000005,https://t.co/QuEh1nJqg3
1517191484230889472,mdma_nt,Thu Apr 21 17:20:12 +0000 2022,135.41418750000003,34.7291115,何回見てもカッコ良すぎる
1517191484466147329,ONSEN__33,Thu Apr 21 17:20:12 +0000 2022,139.6345155,35.636514,週末旅ばっかり出てるせいで車弄りが全然進んでいない😅せめてマフラーとタイヤだけは変えときたいねあとリアのエンブレム剥がしとかかなぁ https://t.co/qsAt8GT2Gc
1517191492141416449,oFfJ2QdhMGhyLho,Thu Apr 21 17:20:14 +0000 2022,133.867043,34.783814,平成7年から始まった NHK E テレふるさとの伝承ですがたまたまオウム真理教の事件と同じ時期でしたニュース7では宮田アナウンサーもどちらも意識されていたはずですがちなみに中央線の351系が脱線転覆した事故もこのアナウンサーが担当でしたが神職の感想というのは？
1517191498768416769,JR_Jobanline2,Thu Apr 21 17:20:16 +0000 2022,139.7091805,35.701657,https://t.co/n5KQ8ApVLTそもそもVMとかがフルで入れても3万人だからガチで入れると思う
1517191502115573760,4NRNC,Thu Apr 21 17:20:16 +0000 2022,137.74879217,34.84062083,"I'm at NEOPASA浜松 下り - @c_nexco_sapa in 浜松市, 静岡県 https://t.co/aKxoDKGX5J"
1517191504301006849,izakoza77,Thu Apr 21 17:20:17 +0000 2022,135.474644,34.777811,@Vtuber_narumi 成海さんお疲れ様です。昨日は雨でしたね。まぁ今夜もよい金曜日の深夜のひと時を👍
1517191504808214536,ktgdy331,Thu Apr 21 17:20:17 +0000 2022,130.54666667,31.555,"鹿児島(鹿児島県) 02:00の気温湿度 16.6℃ 91%RH (0.01073kg/kg(DA)  61%~23℃) 北の風,1.2m/s"
1517191508947992582,amds_sapporoHok,Thu Apr 21 17:20:18 +0000 2022,141.32833333,43.06,"札幌(石狩支庁) 02:00の気温湿度 11.6℃ 67%RH (0.00567kg/kg(DA)  33%~23℃) 東南東の風,4.3m/s"
1517191512592842755,amds_hachinoheA,Thu Apr 21 17:20:19 +0000 2022,141.52166667,40.52666667,"八戸(青森県) 02:00の気温湿度 15.2℃ 55%RH (0.00588kg/kg(DA)  34%~23℃) 南南西の風,1.6m/s"
1517191514866155529,amds_moriokaIwa,Thu Apr 21 17:20:19 +0000 2022,141.165,39.69833333,"盛岡(岩手県) 02:00の気温湿度 14.6℃ 88%RH (0.00910kg/kg(DA)  52%~23℃) 南の風,2.4m/s"
1517191517307240458,amds_sendaiMiya,Thu Apr 21 17:20:20 +0000 2022,140.89666667,38.26166667,"仙台(宮城県) 02:00の気温湿度 14.5℃ 96%RH (0.00988kg/kg(DA)  56%~23℃) 南東の風,2m/s"
1517191517978329088,NAK90292899,Thu Apr 21 17:20:20 +0000 2022,141.261321,39.746961999999996,🐟🐟と０秒チキンラーメンで🍺o(*&gt;∀&lt;　)ｸｩｰｯ!! https://t.co/KhzMWBgU3y
1517191521249886233,XhGfvwfhO2ei5Y0,Thu Apr 21 17:20:21 +0000 2022,132.51824,34.5255145,@cZ5TyjEYEagkGQZ @hozonV2保存して
1517191528837382149,amds_onahamaFuk,Thu Apr 21 17:20:23 +0000 2022,140.90333333,36.94666667,"小名浜(福島県) 02:00の気温湿度 15℃ 98%RH (0.01043kg/kg(DA)  59%~23℃) 北の風,0.8m/s"
1517191530976477190,NgihkteJHpHyuSO,Thu Apr 21 17:20:23 +0000 2022,137.06816,34.9495995,フリフリの枕が可愛い😍
1517191534038319104,amds_tokyoTokyo,Thu Apr 21 17:20:24 +0000 2022,139.75,35.69166667,"東京(東京都) 02:00の 気温 13.6℃ 降水量 14.5mm 北西の風,5.6m/s 湿度 100%RH https://t.co/uECv3BlqlJ"
1517191535716040704,amds_hanedaToky,Thu Apr 21 17:20:24 +0000 2022,139.78,35.55333333,"羽田(東京都) 02:00の気温 15.6℃ 北北西の風,3.3m/s"
1517191540132642825,amds_oshimaToky,Thu Apr 21 17:20:25 +0000 2022,139.36166667,34.74833333,"大島(東京都) 02:00の気温湿度 18.7℃ 98%RH (0.01324kg/kg(DA)  75%~23℃) 南の風,12.6m/s"
1517191547468787712,YukaHBmakou,Thu Apr 21 17:20:27 +0000 2022,139.5297135,35.4737715,@firework0912 ４時間位大雨だよ～☔
1517191549624352768,amds_naritaChib,Thu Apr 21 17:20:28 +0000 2022,140.385,35.76333333,"成田(千葉県) 02:00の気温 16.8℃ 南南東の風,6m/s"
1517191554267762689,kajipu0324,Thu Apr 21 17:20:29 +0000 2022,130.6670225,33.6055015,@mi_ta_hanna 僕が知ってる後期ヘッドライトと違うんですが❓🤣以前にも増してですね🤩
1517191556960190466,amds_yokohamaKa,Thu Apr 21 17:20:29 +0000 2022,139.65166667,35.43833333,"横浜(神奈川県) 02:00の気温湿度 14.8℃ 97%RH (0.01018kg/kg(DA)  58%~23℃) 北北西の風,3.6m/s"
1517191557119574022,barbarabbit,Thu Apr 21 17:20:29 +0000 2022,139.6262955,35.698162499999995,うわーいいじゃん！
1517191565969887232,umi_gorira,Thu Apr 21 17:20:32 +0000 2022,137.0577505,35.1754505,@sakurarentacar youtubeです。協力してください。でホイホイと乗る方もどうかと、、、(；・∀・)　消防署の方からきましたで騙されるタイプの人ですね
1517191568200925189,amds_matsumotoN,Thu Apr 21 17:20:32 +0000 2022,137.97,36.24666667,"松本(長野県) 02:00の気温湿度 10.9℃ 96%RH (0.00778kg/kg(DA)  45%~23℃) 西北西の風,1.7m/s"
1517191569581162496,TAKE_SHO__,Thu Apr 21 17:20:32 +0000 2022,140.785658,37.0878855,燃費運転とはいってもタラタラ走ってるわけじゃなくちゃんと邪魔にならなように走ってるからね
1517191581480091650,amds_shizuokaSh,Thu Apr 21 17:20:35 +0000 2022,138.40333333,34.975,"静岡(静岡県) 02:00の気温湿度 15.1℃ 99%RH (0.01060kg/kg(DA)  60%~23℃) 東南東の風,0.8m/s"
1517191594944122881,AzetukAu8yzkagi,Thu Apr 21 17:20:38 +0000 2022,139.69262600000002,35.666851,@DramaticMai おやすみなさい💤🎠💤
1517191603273695237,amds_nagoyaAich,Thu Apr 21 17:20:40 +0000 2022,136.965,35.16666667,"名古屋(愛知県) 02:00の気温湿度 14.6℃ 99%RH (0.01026kg/kg(DA)  59%~23℃) 北北西の風,1.6m/s"
1517191603995426816,76yc1Ap7hqPJ1oQ,Thu Apr 21 17:20:41 +0000 2022,139.622008,35.745864999999995,@IpqydHZMMFmq0Ct 何回家出すれば気が済むねん？家出かバイトか何なんだ⁉️暇だから☎️かけてこい❗️09092357532！非通知NG‼️お前オモロイから暇つぶし協力するぞ！ダイちゃんより♥️
1517191606947905545,XhGfvwfhO2ei5Y0,Thu Apr 21 17:20:41 +0000 2022,132.51824,34.5255145,@cZ5TyjEYEagkGQZ @hozonV2保存して
1517191608994725889,amds_gamagoriAi,Thu Apr 21 17:20:42 +0000 2022,137.21666667,34.845,"蒲郡(愛知県) 02:00の気温 15.3℃ 北西の風,2.4m/s"
1517191614887723010,amds_niigataNii,Thu Apr 21 17:20:43 +0000 2022,139.01833333,37.89333333,"新潟(新潟県) 02:00の気温湿度 14.9℃ 83%RH (0.00875kg/kg(DA)  50%~23℃) 東南東の風,2.8m/s"
1517191622093840385,Pc2yhdO5s3kufa5,Thu Apr 21 17:20:45 +0000 2022,139.53576249999998,35.5128645,@S_class_bot 歌って
1517191622156451852,amds_kyotoKyoto,Thu Apr 21 17:20:45 +0000 2022,135.73166667,35.01333333,"京都(京都府) 02:00の気温湿度 15.9℃ 95%RH (0.01071kg/kg(DA)  61%~23℃) 南南西の風,1.1m/s"
1517191625264431115,amds_osakaOsaka,Thu Apr 21 17:20:46 +0000 2022,135.51833333,34.68166667,"大阪(大阪府) 02:00の気温湿度 16.3℃ 94%RH (0.01088kg/kg(DA)  62%~23℃) 南の風,1.5m/s"
1517191628099780616,amds_shimonosek,Thu Apr 21 17:20:46 +0000 2022,130.925,33.94833333,"下関(山口県) 02:00の気温湿度 14.4℃ 91%RH (0.00930kg/kg(DA)  53%~23℃) 南西の風,2.7m/s"
1517191635557400577,KashifNTS,Thu Apr 21 17:20:48 +0000 2022,127.11281249999999,37.3939785,"15,000 se tu Zada hee lag rahe hain 👓 #امپورٹڈ_حکومت_نامنظور"
1517191637944119296,Deratyo_GSR,Thu Apr 21 17:20:49 +0000 2022,139.6735625,35.768398000000005,@Roadster_1217 やっばそうだよね😭
1517191644872802309,LHwIWezDUiP35x2,Thu Apr 21 17:20:50 +0000 2022,139.940606,35.798100000000005,@fuwamofu_m2 灰音さんもお疲れ様ですm(_ _)m✨ありがとうございます✨ゆっくり行きたいと思います🚐✨
1517191681853992960,nanatunoajiiro,Thu Apr 21 17:20:59 +0000 2022,134.1345005,33.365752,おやすみ😌🌃💤 https://t.co/IzLA2sMVrU
1517191698526666753,Daitetsu__Ueno,Thu Apr 21 17:21:03 +0000 2022,135.92921,35.077422999999996,あともう少し！明日も7時起きでガソスタ出勤⛽️移動距離長かったー😬 https://t.co/TB3W7OsgOY
1517191701156319232,hamausa_center,Thu Apr 21 17:21:04 +0000 2022,138.581324,37.379913,"ヾ(oﾟｪﾟo)ﾉ (@ 松屋 柏崎店 in 柏崎市, 新潟県) https://t.co/SOfAa6tx73"
1517191701303271424,yunsanghun15,Thu Apr 21 17:21:04 +0000 2022,128.478723,36.002981500000004,조켔다. 나라 다 말아 목아지 걸어 처 먹어서.
1517191702653861893,_euimoong_,Thu Apr 21 17:21:04 +0000 2022,129.310719,36.065142,"@KILLMEME_ ㅇㄴ 하필 지호라 먼지호 되는 거 어이 없고 웃겨요,,,,,,,ㅋㅋㅋㅋ큐ㅜㅜㅜㅜㅜ아나근데먼지아닌죽이겠단 말만.. 엄청 많이 한 것 같은데…. 사랑을………. 사랑은 지호가 대신 해주겠죠 머….(?"
1517191723008802817,unpipuri,Thu Apr 21 17:21:09 +0000 2022,135.5197275,34.6766265,@mainichi 大ニュース
1517191732831875072,NaturslkissVIVA,Thu Apr 21 17:21:11 +0000 2022,139.681453,35.53705,お店の部屋ごとに、別々のデザインの壁掛けミラーを購入しました。何が出るかはお楽しみ⁉️かな😅※画像はイメージです https://t.co/ivePFPDghJ
1517191744303267840,nekotetsu_jun,Thu Apr 21 17:21:14 +0000 2022,133.3535855,35.4376355,反マスク反ワクチンの｢コロナ茶番信者｣は、｢コロナはただの風邪｣と言い張ります。下手したら宮本さんもそう言う考えの人だと捉えられる可能性があります。訂正する機会があって良かったです。ちなみにPCR検査でも、陽性なのに｢陰… https://t.co/IILqirpFlY
1517191756336443393,barbarabbit,Thu Apr 21 17:21:17 +0000 2022,139.6262955,35.698162499999995,@Kappayh ねー！
1517191773843779584,kou_toksen,Thu Apr 21 17:21:21 +0000 2022,130.555749,31.522809,路上で走られてみてはいかがでしょうか？
1517191775571804166,AzetukAu8yzkagi,Thu Apr 21 17:21:22 +0000 2022,139.69262600000002,35.666851,@meisyomariko おやすみなさい💤🎠💤
1517191782953779201,tapiocastin23,Thu Apr 21 17:21:23 +0000 2022,133.9463335,34.5141845,4/22伊之助✯ℋᵅᵖᵖᵞ ℬⁱʳᵗᑋᵈᵃᵞ✯たくさんの(デカデカ)ツヤツヤどんぐり🤭🎶そして歯医者が昨日まさかの休みだったので今日歯医者行くコトに😂伊之助の誕生日に歯医者ってある意味思い出よ()天ぷらは土曜日に食べに行… https://t.co/FPfhKcqOeY
1517191790935384066,tricopanda,Thu Apr 21 17:21:25 +0000 2022,132.47023432,34.3926927,【2022 西日本ツアー】目的地はちゃんと広島ですよ？のアリバイ写真。#アンデルセン のパン美味い😋 場所: 広島県広島市 https://t.co/Fw1JUAO1ZE
1517191811244077068,XhGfvwfhO2ei5Y0,Thu Apr 21 17:21:30 +0000 2022,132.51824,34.5255145,@fuedougaclub @hozonV2保存して
1517191820048224256,ODEN_NAMAHAMU,Thu Apr 21 17:21:32 +0000 2022,139.7091805,35.701657,なんかまちがいた
1517191830512709638,Sadakichi1965,Thu Apr 21 17:21:35 +0000 2022,134.2424485,34.814638,@saolllllyn358 되게 예쁘다～❤
1517191846317146112,rjaa_metar,Thu Apr 21 17:21:38 +0000 2022,140.391667,35.763889,RJAA 211706Z AUTO 15012KT 3300 RA BR BKN003 BKN009 OVC050 //////TCU 17/17 Q1008 RMK A2979 RI012 TCU 20KM S AND W MOV E P/FR
1517191850448539648,MitsuSyouki,Thu Apr 21 17:21:39 +0000 2022,139.65925049999998,35.7060655,ぜひ私のスペースに参加してください！ https://t.co/h9PJpYoy0w
1517191855242326016,arisa7402,Thu Apr 21 17:21:41 +0000 2022,139.622008,35.745864999999995,酒を飲まずに要られない( ´_ゝ`)
1517191863437996036,J9LtxePIv9ah1Bn,Thu Apr 21 17:21:42 +0000 2022,136.216554,35.520382,@jackorin1 ありがとうごぜぇます( ´∀｀)満腹になったら寝てしまいました(*´∀｀)
1517191883482537984,Tthunderbird900,Thu Apr 21 17:21:47 +0000 2022,136.99264349999999,34.8780395,@YotchanYYC あらま。早く回復すると良いね。いろいろ大変かと思うけど、あまり無理なく体調管理してくださいね。お大事に💊
1517191905544589312,2wy3j83y9NuV8ly,Thu Apr 21 17:21:53 +0000 2022,135.4535055,35.242528,奴らは容疑者の人権を考えず虫けらの様に扱い、抵抗ができないことが解っていてやっている。警官になって間もない20代のクソガキに管理をさせるのが間違ってる。岩手県警本部 : 留置人に恐怖を与える言動、２０代巡査を本部長注意…留置場で… https://t.co/lDo13BCqbO
1517191918748258304,okdosm,Thu Apr 21 17:21:56 +0000 2022,139.734723,35.613060000000004,@405otomodachi おやすみなさい
1517191919298027520,mi_sandayo_,Thu Apr 21 17:21:56 +0000 2022,135.48163899999997,34.858789,@hikakin ハッピーバースデー( *´꒳`*)
1517191924826132480,RuukorinV,Thu Apr 21 17:21:57 +0000 2022,136.07079499999998,35.6461165,バーガーやでぇーバーガー食べようとしてる娘見つけてきたでぇー(｡● 〜 ●｡)ノ買ぅてきてへんのかい！！
1517191938738311168,wk_se,Thu Apr 21 17:22:00 +0000 2022,135.5233,34.6806,＿＿＿土星の出＿＿＿(-4分)
1517191940961280000,waku_sei,Thu Apr 21 17:22:01 +0000 2022,135.5233,34.6806,.　　　　　　　 ﹡ 　　　　　　　　　　　　　　＿ ㊏ ＿＿＿＿＿＿＿＿＿＿＿＿＿(-4分)
1517191944543170560,OcciDentArs,Thu Apr 21 17:22:02 +0000 2022,140.014262,35.7316915,@kototofu1 宅飲み最高！（サントリークラフトレモンサワー、アブサンホワイトレディ）
1517191945826627585,XhGfvwfhO2ei5Y0,Thu Apr 21 17:22:02 +0000 2022,132.51824,34.5255145,@fuedougaclub @hozonV2保存して
1517191953020231681,RAIPAZRX,Thu Apr 21 17:22:04 +0000 2022,139.80211050000003,35.838339500000004,@manngakaki 今観ると大空魔竜味も有りますな
1517191953808433152,rjbb_metar,Thu Apr 21 17:22:04 +0000 2022,135.243889,34.427222,RJBB 211707Z AUTO 15003KT 130V190 2800 BR BKN008 BKN011 OVC034 16/16 Q1011 RMK A2986
1517191962709098496,Pc2yhdO5s3kufa5,Thu Apr 21 17:22:06 +0000 2022,139.53576249999998,35.5128645,@S_class_bot 好き
1517191967850999808,JR_Jobanline2,Thu Apr 21 17:22:07 +0000 2022,139.7091805,35.701657,@pad___Yuttan 川崎のソめっちゃいいらしいね、でもやっぱり中洲行って欲しいな()あと仙台の国分町いいって聞く
1517191968438185984,lmL280B4iZj1PlF,Thu Apr 21 17:22:07 +0000 2022,140.46507300000002,39.4789385,おはようございます🌞アクセル踏んでますよ〜🚚💨 02：15出発！函館行き　冷凍食品−20℃ https://t.co/AAgp4y4i8H
1517191973290930176,o_VLDESIGN,Thu Apr 21 17:22:09 +0000 2022,139.2957855,35.6581635,ケバブ食べたくなった
1517191985056354305,MikuloveAgeha,Thu Apr 21 17:22:11 +0000 2022,139.388464,35.56175,2026年1月からダックスフンドの毛色表記が変更になるらしい🥺ティアラだと「チョコレートイエロー」から「ブラウン＆タン」になるらしい🥺 全く違う色に…2〜4枚目の毛色のはJKC(ジャパンケネルクラブ)に出ていた表記🐶毛色の表… https://t.co/3i9p9IE0pt
1517191988692807680,gomibodagooo26,Thu Apr 21 17:22:12 +0000 2022,130.3386895,33.510389,大好きじゃい❤️#BTSARMY https://t.co/sZdJ8lQmiu
1517192000038076421,bissybissy,Thu Apr 21 17:22:15 +0000 2022,139.69262600000002,35.666851,SWELLの開発者さんはUIデザインが素晴らしいのよな…😇痒いところに手が届き、かつとっても分かりやすい。
1517192007202258946,zebyan5963,Thu Apr 21 17:22:17 +0000 2022,130.439438,33.5816955,@acroA_MEI ごーろごろ🌀
1517192010628616192,blitzen_PR,Thu Apr 21 17:22:18 +0000 2022,139.8767675,36.596727,宇都宮ブリッツェン ｜ SWANS 共同開発🕶STRIX D.A.【ストリックス・ディー・エー】の開発ストーリーはこちら🔻🕶https://t.co/8wzChZsM0x #宇都宮ブリッツェン#SWANS #スワンズ
1517192021668409344,nanamin07121,Thu Apr 21 17:22:20 +0000 2022,135.295681,34.828999,@UTJ6xfa2Do8z0XO じゃあ何処で寝てますね😭😭😭
1517192035954012162,katohdensuke,Thu Apr 21 17:22:24 +0000 2022,135.8102406,34.61708092,"🚮🚹 (@ 天理PA (下り) in 大和郡山市, 奈良県) https://t.co/vRO1h2VbpC"
1517192042237284352,gonta59631,Thu Apr 21 17:22:25 +0000 2022,139.6345155,35.636514,"In Memoriam #PRINCE!(June 7, 1958 - April 21, 2016)Gone, but not forgotten! https://t.co/01vqD3Syo7"
1517192045474942976,ToyamaInisan,Thu Apr 21 17:22:26 +0000 2022,137.36691150000001,36.568287999999995,確か吹奏楽の大会辞退させて野球部の為に甲子園へ吹奏楽部員を動員したとこですね😫
1517192056615018501,kahij1,Thu Apr 21 17:22:29 +0000 2022,139.63628,35.47605,スシロー🍣〆のデザート❣️　『北海道ミルクレープメルバ』180円（税込、198円）ミルクレープバニラアイスカットいちごいちごソースホイップクリーム https://t.co/5uO10HW7jI
1517192062902636544,kticy999,Thu Apr 21 17:22:30 +0000 2022,138.25992150000002,35.297817,なんでこんな失礼極まりないコメントがされるの？いい加減、日本に関わらないでほしい。（怒）
1517192073170292736,obu_imura,Thu Apr 21 17:22:32 +0000 2022,136.9581035,35.0146995,山銀ぶどう園　さんのいちご🍓『やよいひめ』オススメの品種✨食べたことない…いちごの味🥰野菜ソムリエ　井村亮太#山銀ぶどう園 https://t.co/F1KCQERh5K
1517192081386573824,LHwIWezDUiP35x2,Thu Apr 21 17:22:34 +0000 2022,139.940606,35.798100000000005,@fuwamofu_m2 寒いですね💦体調管理気をつけて行きましょう😫！
1517192084683374592,CafetierHayama,Thu Apr 21 17:22:35 +0000 2022,139.58271508,35.25989662,真夜中のレストアラー。サスペンションスプリングコンプレッサーに傷防止用にラバーを接着しました。 場所: 自家焙煎コーヒー豆の店Cafetier&lt;カフェティエ&gt; https://t.co/oyV2c7911O
1517192095143915520,Bar_Jbridge,Thu Apr 21 17:22:38 +0000 2022,139.785988,35.713206,明日のランチ予告～🎵『新玉ねぎと温玉のカボチャクリーム』旬の新玉ねぎが旨い🎵旨いのいかが？？#神田バーランチ #神田駅近 #神田bar#パスタランチ #カボチャクリーム #新玉ねぎ
1517192116958818305,cjdfuvtic,Thu Apr 21 17:22:43 +0000 2022,126.99094550000001,37.5545745,다크서클씨발아
1517192128849678337,itokazumikuto,Thu Apr 21 17:22:46 +0000 2022,135.6201715,34.606295,不爱我就不爱我！有点爱是什么意思啊？ https://t.co/NUtU4YhrIm
1517192158113300481,SPOON_TYPEONE,Thu Apr 21 17:22:53 +0000 2022,136.687116,36.506127,さっきの地震で完全に目覚めた。とりあえずiPhoneの充電満タンにしておこう。ほんと深夜の地震やめてほしーわ。するならAM10時〜PM17時で！#余震ありませんよーに#ご安全に https://t.co/xXURHSicHC
1517192161413971969,ginzaG,Thu Apr 21 17:22:54 +0000 2022,139.76490123,35.66829593,東京都中央区 - 銀座エリアに写真を投稿しましたhttps://t.co/IzQu78I96B
1517192171916390400,dcallysh,Thu Apr 21 17:22:56 +0000 2022,126.998666,37.560143,用心者不用教 无心者教不会 https://t.co/RA2mKylISa
1517192192699543552,4NRNC,Thu Apr 21 17:23:01 +0000 2022,137.78265349999998,34.83188,浜松です(真顔)
1517192192821186560,yamakuma12,Thu Apr 21 17:23:01 +0000 2022,140.59598599999998,38.198667,@giyu_nekozuki そろそろ寝ようかと😅
1517192204196151296,jx_naa,Thu Apr 21 17:23:04 +0000 2022,127.307599,36.371165000000005,지금처럼만 달리자아무리 스트레스 받아도 참기
1517192205835800577,tomoshibi2_16,Thu Apr 21 17:23:04 +0000 2022,139.43475,36.32238,3月21日1ヶ月ぶりの労働祭り外観もリニューアル🌿おぼつかないかもしれませんが一生懸命頑張ります🔥レギュラー鶏塩醤油まぜそばはお休みです坦々麺昆布水（トリニボor背脂味噌）1000ご飯物和牛のステーキ丼… https://t.co/QFnQv84dzG
1517192206490435584,hybsdaiko2015,Thu Apr 21 17:23:04 +0000 2022,136.3428085,34.482348,はやぶさ運転代行(三重県)です🚖本日の受付は終了させて頂きました🙇お天気の悪い中、たくさんのご利用ありがとうございました👍✨✨感謝✨🙇明日も宜しくお願いします😏🍸🍷🍺🍴#三重県#松阪市#松阪市愛宕町… https://t.co/Mf8223QcXY
1517192223779016704,fqKM953EGAAWoRQ,Thu Apr 21 17:23:08 +0000 2022,133.34441950000001,33.911204,@FO9tFFy4aC7huQt えんすわぁぁ〜ん✨✨おはこんばんわ🍀😆✌️今日も今日とて2時起きご苦労様でございます🙇🏻これだけ早起きなら一日がどえりゃ〜長いでんなぁ〜😆ちゃんと寝れとりますか？ほな今日もい… https://t.co/UMjXpngkrS
1517192239319228416,mzkm1110,Thu Apr 21 17:23:12 +0000 2022,139.62478950000002,35.453922,ほんとそれな！俺はクロージングが一番イラッとするw
1517192245652647937,hakaiderseed,Thu Apr 21 17:23:14 +0000 2022,135.4832605,34.7261635,ケンミンSHOW録画視聴♪宮崎餃子なのに丸岡出さんとは😅黒兵衛も紹介しろ！
1517192247615590400,wRFmyYFm8p41HXz,Thu Apr 21 17:23:14 +0000 2022,137.7388585,34.6829465,🤭
1517192255718948864,Sean_Crosby,Thu Apr 21 17:23:16 +0000 2022,139.6345155,35.636514,"@baseball__etc @BizballMaury @Rockies I don’t know what this tweet means. In any case, you don’t know anything abou… https://t.co/7BYq3wsvD2"
1517192259057623041,kajipu0324,Thu Apr 21 17:23:17 +0000 2022,130.6670225,33.6055015,@EDEN80231876 装着おめでとうございます🤩ひとまず完了ですね❗️次は何かな❓😁
1517192274618503168,bestWishies2019,Thu Apr 21 17:23:20 +0000 2022,139.745379,35.652789,森戸さんと最後に大阪で会える❣️ https://t.co/EGATRP1M15
1517192281480122371,shiba_GVF,Thu Apr 21 17:23:22 +0000 2022,139.85866696,35.87659375,"ただいま (@ セブンイレブン 吉川木売新田店 - @711sej in 吉川市, 埼玉県) https://t.co/LMwz1thOTg"
1517192285040959488,l4OMtUby8t55eXh,Thu Apr 21 17:23:23 +0000 2022,126.650585,37.3938445,https://t.co/6WTEJ4ayhy 6차 근본적인 사법개혁 청원글입니다 공유 부탁드립니다
1517192329064779776,AmkProducer,Thu Apr 21 17:23:33 +0000 2022,137.40308449999998,34.7543535,"Será @AmendoncaAGU , que papelão heim!!! Não respeitou a nossa constituição, arregou 🤮🤮💩💩"
1517192330486317057,Ifm02pnP,Thu Apr 21 17:23:34 +0000 2022,130.439438,33.5816955,中洲ルーズ初ピック
1517192336324710400,pochipool,Thu Apr 21 17:23:35 +0000 2022,137.1189355,35.2401225,#麒麟特製#動画を見てレモンサワーが飲みたくなったhttps://t.co/6ytDfPBgZC@Kirin_Brewery
1517192343266664448,yamakuma12,Thu Apr 21 17:23:37 +0000 2022,140.59598599999998,38.198667,@ch37637568 正面を向いて欲しいですね😅おやすみなさい🌙
1517192356231258113,tapiocastin23,Thu Apr 21 17:23:40 +0000 2022,133.9463335,34.5141845,4/22伊之助✯ℋᵅᵖᵖᵞ ℬⁱʳᵗᑋᵈᵃᵞ✯たくさんの(デカデカ)ツヤツヤどんぐり🤭🎶そして歯医者が昨日まさかの休みだったので今日歯医者行くコトに😂伊之助の誕生日に歯医者ってある意味思い出よ()天ぷらは土曜日に食べに行… https://t.co/b2kD8Zpboz
1517192359204687873,fnoiru,Thu Apr 21 17:23:41 +0000 2022,134.503648,34.832034,眠いので一旦過眠!!!
1517192359586705408,yunsanghun15,Thu Apr 21 17:23:41 +0000 2022,128.478723,36.002981500000004,군대...말을 말자. 완전 쓰레기를 만들어 놨구만.
1517192374476505088,RAIPAZRX,Thu Apr 21 17:23:44 +0000 2022,139.80211050000003,35.838339500000004,@8ZEvgc6eyohYp6n フレアの旧作を大量買いした記憶
1517192381065752576,3n_ov,Thu Apr 21 17:23:46 +0000 2022,139.7820505,35.7397965,当たりますに！
1517192385205522432,papa_yame,Thu Apr 21 17:23:47 +0000 2022,136.908696,35.165507,苫小牧行き #太平洋フェリー 「いしかり」乗船前に栄らへんをウロウロ。松坂屋さんで美味しい味噌煮込みうどんを頂きました。店内も比較的すいてて快適そのもの👍 https://t.co/pZJdoLjgas
1517192417958453248,Tthunderbird900,Thu Apr 21 17:23:55 +0000 2022,136.99264349999999,34.8780395,@08Haruki25 @Ayaaya73561439 ほんと。上手😃👏✨
1517192423188811776,Ifm02pnP,Thu Apr 21 17:23:56 +0000 2022,130.439438,33.5816955,@tubame227 ダブルなって千代でした😁
1517192424292241408,izakoza77,Thu Apr 21 17:23:56 +0000 2022,135.474644,34.777811,@zau0660_fox_pro コールさんお疲れ様です。昨日は雨でしたね。まぁ今夜もよい金曜日の深夜のひと時を👍
1517192435650404352,bar_junking,Thu Apr 21 17:23:59 +0000 2022,139.7091805,35.701657,当ビルが謎の停電で復旧しない為本日はこれにて閉店とさせていただきます。 https://t.co/ZQsjOzvrUQ
1517192446203109377,oryouri_shinno,Thu Apr 21 17:24:01 +0000 2022,135.51014822,34.70836755,"Naniwacho, Kita-kuに写真を投稿しましたhttps://t.co/VtaSzidZXF"
1517192463626035203,nyanta_sheba,Thu Apr 21 17:24:06 +0000 2022,139.65925049999998,35.7060655,コロナ感染が松山じゃなくて小園だったら、今頃首位にいただろうな。#広島カープ
1517192466935386112,XYQbLuwFasVJUg4,Thu Apr 21 17:24:06 +0000 2022,140.95885950000002,38.275952000000004,全く眠れない。かなり強い眠剤飲んでるんだけど‥病院の前日は特に痛みが激痛だって事もあって眠れない。仕方がないから会社の問題点の対策をPC開いて考えてた。値上げはしたく無いんだけど‥光熱費の高騰はどうにもならない。来月から100円… https://t.co/R4V7ZeQrvw
1517192469603303424,7kKOedm1DSqJWax,Thu Apr 21 17:24:07 +0000 2022,139.61760099999998,35.586850999999996,@NTR_aya ネギトロさんSだったんですね。私もSなのですが、実際は妥協出来ます攻められたら受け流せますが💦度か過ぎるとやり返したくなります。
1517192504705433600,renewal96,Thu Apr 21 17:24:15 +0000 2022,139.745379,35.652789,ワシ1人で帰宅。
1517192514360406016,TakashiJesus,Thu Apr 21 17:24:18 +0000 2022,139.6735625,35.768398000000005,Team Ayuの「AYU BLOG」更新されました‼️ https://t.co/tjoejEZun9@ayu_19980408 #Mステ#浜崎あゆみ#Nonfiction
1517192528600367105,nauman_0954,Thu Apr 21 17:24:21 +0000 2022,139.90601900000001,35.6447025,2時20分ご飯が炊きあがりました！ コラボレートの後は、いよいよ実食なのかな？？#ナインティナインANN https://t.co/HwkzEVGUqo
1517192539136479232,shinofara,Thu Apr 21 17:24:24 +0000 2022,139.734723,35.613060000000004,notionってソフトウェアエンジニアスキルめっちゃいるな
1517192541212270592,nao_1230_,Thu Apr 21 17:24:24 +0000 2022,139.405773,35.348687999999996,今日も今日とて夜更かし😪
1517192581595029504,XhGfvwfhO2ei5Y0,Thu Apr 21 17:24:34 +0000 2022,132.51824,34.5255145,@HotGirl29271094 @hozonV2保存して
1517192587622367233,tricopanda,Thu Apr 21 17:24:35 +0000 2022,130.8828,33.8383,【2022 西日本ツアー】そして北九州上陸。 場所: 門司港レトロ https://t.co/V0wghDMqdN
1517192599865815041,mana_aso,Thu Apr 21 17:24:38 +0000 2022,137.36691150000001,36.568287999999995,ウクライナを巡る環境政策　日本・米国・中国　救国シンクタンク【2022年4月21日】オンライン公開研究会　Youtubeライブ https://t.co/3wRITHKUZv @chanelcrara @KyuukokuC より
1517192607105155072,SPOON_TYPEONE,Thu Apr 21 17:24:40 +0000 2022,136.687116,36.506127,さっきの地震で完全に目覚めた。とりあえずiPhoneの充電満タンにしておこう。ほんと深夜の地震やめてほしーわ。どーしてもするならAM10時〜PM17時で！#余震ありませんよーに#ご安全に https://t.co/XbhdKisf9Y
1517192620853936129,1jzgtevvti0405,Thu Apr 21 17:24:43 +0000 2022,130.41101858,31.61963795,"I'm at 伊集院IC in 日置市, 鹿児島県 https://t.co/F1RSgFwGhL"
1517192632237273089,katohdensuke,Thu Apr 21 17:24:46 +0000 2022,135.81251218,34.61672141,"I'm at 天理本線料金所 in 大和郡山市, 奈良県 https://t.co/rwjH5kSOrR"
1517192637840707585,take4_kane,Thu Apr 21 17:24:47 +0000 2022,138.34548999999998,35.6582645,2:20起きた。のんびり行こう。
1517192667775795201,MisakaIndex4325,Thu Apr 21 17:24:54 +0000 2022,139.49343199999998,35.6000485,@Otomeru_Dolls もう一つ驚いたのは、車椅子👩‍🦼の患者も自由に出入り出来る広さになっていたことでした。他にも受付に飴玉が置いてあって、自由にナメることも可能です。居心地も自宅のリビングにいる雰囲気です。😉
1517192669088260096,36chantaiko,Thu Apr 21 17:24:55 +0000 2022,139.75636450000002,35.686884500000005,おやすみなさい https://t.co/QGt8ZrTogm
1517192691523928064,JyGuYPi9lKvLHUH,Thu Apr 21 17:25:00 +0000 2022,135.4838255,34.678122,気持ち伝わらないかなぁ
1517192691775590400,wRFmyYFm8p41HXz,Thu Apr 21 17:25:00 +0000 2022,137.7388585,34.6829465,？🤔
1517192698155134976,saiseishi,Thu Apr 21 17:25:01 +0000 2022,135.50383449999998,34.5238705,なすなかにしの中西がうまいボケをした後に「米朝事務所に電話せぇ」と真顔で踊るやつめっちゃ好き。
1517192701233733632,Tom353743011,Thu Apr 21 17:25:02 +0000 2022,143.20801749999998,43.046065999999996,コンタクトして良かったことが２つ。①目に手を入れても大丈夫になった②一日の終わりにコンタクトを外す時、多分女性が一日の終わりに化粧を落とす時こんな開放感なんだろうな？って想像出来ること#コンタクト
1517192703649325057,1CuqH8a6i1TcC5R,Thu Apr 21 17:25:03 +0000 2022,135.6180375,34.668202,@edajima88888 📈👍
1517192704434016256,Boredom_ana,Thu Apr 21 17:25:03 +0000 2022,139.6345155,35.636514,@HZJoNV4F3CDJRyt @morpheus7701 マイナス120%ですよ！意味わからんが、、、笑一つも良いところ皆無。日本の敵認定。
1517192705386115072,TAKE_SHO__,Thu Apr 21 17:25:03 +0000 2022,140.785658,37.0878855,飛ばすのは好きだけど煽るのはまた訳が違うんだワ
1517192705394155521,mikio_thumb,Thu Apr 21 17:25:03 +0000 2022,139.7091805,35.701657,バッドモード
1517192707013492736,tkk1352,Thu Apr 21 17:25:04 +0000 2022,139.810157,35.6450615,仏教の道に詳しく成る
1517192712302501889,nagoyan_ge8,Thu Apr 21 17:25:05 +0000 2022,137.1159425,35.336665499999995,@lareine330 そんな豆腐メンタル！！？☺️
1517192726315692032,Pc2yhdO5s3kufa5,Thu Apr 21 17:25:08 +0000 2022,139.53576249999998,35.5128645,@jinguzi_ren_bot キスして✨
1517192744128909312,postfit3rs,Thu Apr 21 17:25:12 +0000 2022,140.1212765,35.636506,ポストは【風】気分屋な自由人。穏やかだったり暴れたり、気分の波が風のよう。集団行動が苦手。いつもふらっとどこかに行ってしまう。#あなたを大自然で表現すると https://t.co/AjDwGAt5lT  あながち間違いではないな☺️
1517192755889709056,TC1tb,Thu Apr 21 17:25:15 +0000 2022,139.3070305,35.3576795,児相と戦う姿勢になりましょう。解除はやってみましたか、児相によっては、考え方が違うらしいので。
1517192764559032320,b_bang_sil,Thu Apr 21 17:25:17 +0000 2022,126.845512,35.097385,SSS+HERAContrapasso -paradiso-デッドマンズバラッドGarakuta Doll PlayAlea jacta est!SSSチエルか/エソテリカ BIRTHTitaniaFUJIN… https://t.co/qcepMFGlwQ
1517192793445130241,XhGfvwfhO2ei5Y0,Thu Apr 21 17:25:24 +0000 2022,132.51824,34.5255145,@publicmms @hozonV2保存して
1517192793159962625,nekohachiYS58,Thu Apr 21 17:25:24 +0000 2022,130.439438,33.5816955,今日はホテルザマンハッタンに泊まります（かしこいので） https://t.co/KPDYBLyvV6
1517192794892554240,StellaBin_2h,Thu Apr 21 17:25:25 +0000 2022,128.99594100000002,35.1549635,하 취켓팅하려고 여태 기다리다가 정기점검떠서 멘붕왔는데 들어오자마자 탐라에 이런 영상이... 빈아 기다려 내가 꼭..💜💜
1517192817231028224,Tthunderbird900,Thu Apr 21 17:25:30 +0000 2022,136.99264349999999,34.8780395,@mogwai_0903 ドロボウでも始めるん？ルパンのホニャララ
1517192819906990080,TOMOZOaM18,Thu Apr 21 17:25:31 +0000 2022,139.051802,37.908015000000006,加美杏奈ちゃん❤️本日夢のバーレスクショー出演‼️かみファンみんなで加美ちゃんの晴れ舞台応援しましょう加美ちゃんの喜びはファンの喜び‼️加美ちゃんの夢の幸せはファンの幸せ😆🍀みんなでがんばれーコール📣みんなでパワー… https://t.co/jTdtBVi90x
1517192827738148865,kticy999,Thu Apr 21 17:25:32 +0000 2022,138.25992150000002,35.297817,かん国の身勝手さにも、いい加減疲れますね。（苦笑）
1517192831739129856,kubosan1418,Thu Apr 21 17:25:33 +0000 2022,138.5155475,35.0824005,AKLIVEの曲を聴いてたら、調べてから収録するかどうかだけど、この曲だなって決めてしまった。
1517192846180163584,mayo13toon,Thu Apr 21 17:25:37 +0000 2022,127.309291,36.282218,@nu_clearpunch 와 진짜 화나네요......
1517192865813712896,l4OMtUby8t55eXh,Thu Apr 21 17:25:41 +0000 2022,126.650585,37.3938445,https://t.co/6WTEJ4ayhy 6차 근본적인 사법개혁 청원글입니다 공유 부탁드립니다 https://t.co/hv5RulPSIe
1517192866678079488,Boredom_ana,Thu Apr 21 17:25:42 +0000 2022,139.6345155,35.636514,@kumakuma1965 @morpheus7701 ワシも。
1517192867047178246,sukiyaninaritai,Thu Apr 21 17:25:42 +0000 2022,135.92921,35.077422999999996,見つけた方ご一報を😭🙏
1517192873367666688,wadaiko_zokkey,Thu Apr 21 17:25:43 +0000 2022,139.315196,35.39407,コインランドリー、途中でエラーで止まってやがった💢
1517192877017006086,izakoza77,Thu Apr 21 17:25:44 +0000 2022,135.474644,34.777811,@Ndscht ナダさんお疲れ様です。昨日は雨でしたね。まぁ今夜もよい金曜日の深夜のひと時を👍
1517192892158451712,mikenekodash330,Thu Apr 21 17:25:48 +0000 2022,135.6180375,34.668202,@Momo_Aug9 ホントだー🎵ますますgoodです🎵😍🎵
1517192892263010304,clownblue17,Thu Apr 21 17:25:48 +0000 2022,139.5822895,35.389831,最強兄妹！！！！！！！itta1012の投稿動画を楽しみましょう！#TikTok https://t.co/WSiDHQGsl2
1517192896596049920,tkk1352,Thu Apr 21 17:25:49 +0000 2022,139.810157,35.6450615,十字架✝️
1517192917286154240,1CuqH8a6i1TcC5R,Thu Apr 21 17:25:54 +0000 2022,135.6180375,34.668202,@edajima88888 https://t.co/VJvKwp7391
1517192923833860097,gdasoma178,Thu Apr 21 17:25:55 +0000 2022,131.1024305,33.484151,@cKVGeIk6a63EhLG 悪くないですけど…ずっと2クレです🤣
1517192930410496001,os_champion,Thu Apr 21 17:25:57 +0000 2022,139.6345155,35.636514,【27歳になりました☺️🎂】いつもありがとうございます❣️私ミウラアサコは4/20で、27歳の誕生日を迎えました(*^^*)これからも頑張ります💓まずは、目指せお店の1周年！！！これからも温かく見守ってください♡ https://t.co/UPEsjKE7AI
1517192935917334529,JukuKatsuhiko,Thu Apr 21 17:25:58 +0000 2022,133.281769,34.551819,ただ今、新入塾されますと５月末までの指導料が無料です💓 https://t.co/Tgl5zW39iu
1517192946176700416,0540323,Thu Apr 21 17:26:01 +0000 2022,135.82321422,34.60548812,肉うどん、美味しい#マルちゃん#濃厚肉だしうどん #肉だしうどん 場所: 奈良県天理市 https://t.co/IguXD9kkwk
1517192960751935488,suiyobi2zz,Thu Apr 21 17:26:04 +0000 2022,139.43934196,35.88403948,"I'm at 16号川越インター南SS / (株)東日本宇佐美 in 川越市, 埼玉県 https://t.co/SvMmCLnxj7"
1517192961809063937,sangenjayaesthe,Thu Apr 21 17:26:04 +0000 2022,139.670932,35.643571,👑三軒茶屋No. 1メンズエステ👑🌹都内最強美女軍団🌹🔥各ポータルサイト上位爆進中🔥🉐各種割引実施中🉐🌟 90分18000円🌟120分22000円⚫︎ご予約はこちらお電話・LINEどちらからも受付中!!LINE… https://t.co/b3Pi5wXohF
1517192995346710528,x4Hmjk6OqVOYBgX,Thu Apr 21 17:26:12 +0000 2022,130.8557685,33.688311,@you83yami 夜勤🌃🏢中か仕事なのしてるのか気になる前に聞いたかな忘れた。
1517192996441055233,fqKM953EGAAWoRQ,Thu Apr 21 17:26:13 +0000 2022,133.34441950000001,33.911204,@chiichanlove928 ちぃちゃ〜ん✨✨今日も一日ご苦労様でございました🙇🏻遅くまで起きてましたなぁ😳😳😳わたしゃ今からおねむです🥱🥱🥱おやすみなさーい😪💤
1517193001445228544,minoru4821,Thu Apr 21 17:26:14 +0000 2022,135.466003,34.646197,@zMSwSJp9SFFIWZc 春巻きも、美味しいよ❗
1517193025281220608,dunhill777,Thu Apr 21 17:26:19 +0000 2022,134.61912096,33.9652302,酸辣湯麺の具材にふわ玉の上にトマト🍅たっぷりして見ました。最高に美味しかった。 場所: 一番亭羽ノ浦店 https://t.co/fHQ1T1XUiR
1517193037348487168,Cz1Bb23FJAJut1I,Thu Apr 21 17:26:22 +0000 2022,140.750628,40.788120000000006,天皇陛下へ、帝国になる国の国家元首の家は皆、繁栄してきました。私はそれを歴史で知っていますが天皇陛下も過去の帝国の国家元首の家は皆、繁栄してきたとことを十分に御承知だと思いますがいかがでしょうか？
1517193040473235457,Deratyo_GSR,Thu Apr 21 17:26:23 +0000 2022,139.6735625,35.768398000000005,@Roadster_1217 仕事柄仕方ないし、みんな納得してくれるけど、予定が合わないの悲しい、、、
1517193044910833665,sTtVePARcBTZutF,Thu Apr 21 17:26:24 +0000 2022,138.24151899999998,36.3859015,😢心よりご冥福をお祈り申し上げます。自然の愛し方を教わりました。八ヶ岳で家族と「SDGsは昔から」 柳生博さん逝く（テレビ朝日系（ANN））#Yahooニュースhttps://t.co/QPofVjsIvj
1517193048207523842,hideyan1069,Thu Apr 21 17:26:25 +0000 2022,130.4478465,33.049260000000004,@yupiyo_chan_2nd そんなにそっち酷いん？
1517193058097709056,wRFmyYFm8p41HXz,Thu Apr 21 17:26:27 +0000 2022,137.7388585,34.6829465,👌😁
1517193084785676288,1012koryu,Thu Apr 21 17:26:34 +0000 2022,139.7091805,35.701657,@ayuokuma (*ˊᵕˋ*)੭ ੈ🌈🌈🌈
1517193102536372224,studio_109jp,Thu Apr 21 17:26:38 +0000 2022,133.74231550000002,34.543449,@rx71218 アルコールストーブ買ったんすよ。ステーキ焼きたくて堪らん。
1517193115827851264,MooNeay32,Thu Apr 21 17:26:41 +0000 2022,137.40308449999998,34.7543535,แฟนนี่บอกว่าถ้าอยู่ในเมืองใหญ่ก็คงขายรถ เพราะเดินทางสะดวกหมดอยู่แล้ว จะไปไหนไกลๆค่อยเช่าเป็นครั้งๆไป จริงๆทุกวันนี้… https://t.co/LjClUxj3hQ
1517193114913452032,KURODA1701,Thu Apr 21 17:26:41 +0000 2022,139.2167585,35.403585500000005,パンイチパイセンとパンイチアイドルのデットヒート！！ https://t.co/CMOby9ZNOp
1517193116868288512,ichigoya_yac,Thu Apr 21 17:26:41 +0000 2022,140.084546,36.092128,予報がこーろころ https://t.co/4f4JkFxDwI
1517193120751837184,doraephoneomote,Thu Apr 21 17:26:42 +0000 2022,139.3991575,35.714176,「外から口出してないでスタッフやればいいじゃん」はホント思うなぁ。僕はアイドルに興味ないからアレだけど、好きならスタッフやればいいと思うよ。
1517193121540771840,3wDYD7tLn5THWhL,Thu Apr 21 17:26:42 +0000 2022,139.4548165,36.358008,@hiroshiouentai 三山ひろしさん、今日はお疲れ様でした。おやすみなさい。😴💤
1517193122778054656,joyntkikaku,Thu Apr 21 17:26:43 +0000 2022,139.6565525,35.4267515,https://t.co/njRzfLKZRy
1517193134853464064,k2wm05F8YD30ecN,Thu Apr 21 17:26:46 +0000 2022,139.653844,38.3159965,おはようございます🤗私はフォロワーが欲しくてSNSはやってませんよ私に共感し私の言葉を理解出来る方だけに投稿してますからいいねもいりません　私の前から消えてくださいさて私は20年聖職者として苦悩と苦労の道… https://t.co/GbHCO2GwY4
1517193141446594560,ZEECO999,Thu Apr 21 17:26:47 +0000 2022,142.6158025,43.543339,友達少なめな人の共通点。深そうじゃ無い友達を「友達」と呼んだり、snsであってまもなくで「親友」とか言っちゃう人。そういう人に共通の匂いがするのは私だけでしょうか？おやすみなさい🌙
1517193152113045505,tkk1352,Thu Apr 21 17:26:50 +0000 2022,139.810157,35.6450615,此の日の為に刀⚔️を磨いでいた。
1517193158991532032,sr20spec_s,Thu Apr 21 17:26:51 +0000 2022,139.329113,36.258751,"I'm at すき家 太田尾島店 in 太田市, 群馬県 https://t.co/DwtSLmTrbQ"
1517193177500819456,NAO36968184,Thu Apr 21 17:26:56 +0000 2022,139.3881,35.5624275,@4shiduki6 お誕生日おめでとうなのだー\(//∇//)\🎉
1517193189945655296,HomeRunFukuoka,Thu Apr 21 17:26:59 +0000 2022,130.70617199999998,33.821744499999994,同じ中川でも淳一郎さんは有益な情報を沢山提供して下さるし反コロナとしてもっと活躍してもらいたい✊俊男はマスクマスクうるさいだけで、日常化の邪魔やから日医会から消えて欲しい😰#コロナを5類以下に #マスクを外そう #中川淳一郎#中川俊男
1517193205045141509,SonodenK,Thu Apr 21 17:27:02 +0000 2022,139.689695,35.632374,いい話、ヨカッタ、「北陸最恐」の廃ホテル、ホラー映画ロケ地に…反対一色だった住民を変えたものは（読売新聞オンライン） https://t.co/NxYZo1S3Tw
1517193210820698112,Barthasar,Thu Apr 21 17:27:04 +0000 2022,136.7254605,34.475435000000004,ゆかりんほー
1517193234640150528,32houi,Thu Apr 21 17:27:09 +0000 2022,139.4622205,37.920570999999995,難しい仕事もがんばろ。
1517193244861677568,x7moka_,Thu Apr 21 17:27:12 +0000 2022,139.2957855,35.6581635,天才かましたわ https://t.co/hBhe2srUy1
1517193263303708672,djgion,Thu Apr 21 17:27:16 +0000 2022,139.69262600000002,35.666851,@bur1w00g1e @Ami_liy やはりそのルートでしたかありがとうございました😊
1517193290810294272,maxbWdiuBXZMxlG,Thu Apr 21 17:27:23 +0000 2022,139.3689025,36.1618735,@yunon_fanxx おやすみ~((ヾ(･д･｡)ﾌﾘﾌﾘ
1517193298741710849,wRFmyYFm8p41HXz,Thu Apr 21 17:27:25 +0000 2022,137.7388585,34.6829465,その時が一番。🤣
1517193305511333888,tkk1352,Thu Apr 21 17:27:26 +0000 2022,139.810157,35.6450615,アナル
1517193334372151296,GokuBugg,Thu Apr 21 17:27:33 +0000 2022,127.0868,36.9927,We Changing The Game with this. @ Pyeongtaek https://t.co/joAOve6TQ2
